{
	"info": {
		"_postman_id": "56d99641-9ad6-4218-b3d4-18ac8f3361e0",
		"name": "IBM COS",
		"description": "IBM COS samples",
		"schema": "https://schema.getpostman.com/json/collection/v2.1.0/collection.json"
	},
	"item": [
		{
			"name": "Create new bucket",
			"event": [
				{
					"listen": "test",
					"script": {
						"id": "3cebb9d7-90ee-42c0-9154-b26bd229e179",
						"type": "text/javascript",
						"exec": [
							"pm.test(\"Request was successful\", function() {",
							"   pm.response.to.be.success; ",
							"});"
						]
					}
				}
			],
			"request": {
				"auth": {
					"type": "bearer",
					"bearer": [
						{
							"key": "token",
							"value": "{{iamtoken}}",
							"type": "string"
						}
					]
				},
				"method": "PUT",
				"header": [
					{
						"key": "ibm-service-instance-id",
						"value": "{{serviceid}}"
					}
				],
				"body": {
					"mode": "raw",
					"raw": ""
				},
				"url": {
					"raw": "https://{{endpoint-region}}.objectstorage.softlayer.net/{{bucket}}",
					"protocol": "https",
					"host": [
						"{{endpoint-region}}",
						"objectstorage",
						"softlayer",
						"net"
					],
					"path": [
						"{{bucket}}"
					]
				},
				"description": "Create new bucket"
			},
			"response": []
		},
		{
			"name": "Create new text file",
			"event": [
				{
					"listen": "test",
					"script": {
						"id": "0a54c09b-0032-4933-ae99-81911935cb4d",
						"type": "text/javascript",
						"exec": [
							"pm.test(\"Request was successful\", function() {",
							"   pm.response.to.be.success; ",
							"});",
							"",
							"pm.test(\"Response contains expected header\", function() {",
							"    pm.response.to.have.header(\"ETag\");",
							"});"
						]
					}
				}
			],
			"request": {
				"auth": {
					"type": "bearer",
					"bearer": [
						{
							"key": "token",
							"value": "{{iamtoken}}",
							"type": "string"
						}
					]
				},
				"method": "PUT",
				"header": [
					{
						"key": "Content-Type",
						"value": "application/x-www-form-urlencoded"
					}
				],
				"body": {
					"mode": "raw",
					"raw": "This is test data for the text file."
				},
				"url": {
					"raw": "https://{{endpoint-region}}.objectstorage.softlayer.net/{{bucket}}/testfile.txt",
					"protocol": "https",
					"host": [
						"{{endpoint-region}}",
						"objectstorage",
						"softlayer",
						"net"
					],
					"path": [
						"{{bucket}}",
						"testfile.txt"
					]
				},
				"description": "Create a new text file in the bucket"
			},
			"response": []
		},
		{
			"name": "Create new binary file",
			"event": [
				{
					"listen": "test",
					"script": {
						"id": "80e3e8bd-3fb5-4874-a638-510cf5b8c872",
						"type": "text/javascript",
						"exec": [
							"pm.test(\"Request was successful\", function() {",
							"   pm.response.to.be.success; ",
							"});",
							"",
							"pm.test(\"Response contains expected header\", function() {",
							"    pm.response.to.have.header(\"ETag\");",
							"});"
						]
					}
				}
			],
			"request": {
				"auth": {
					"type": "bearer",
					"bearer": [
						{
							"key": "token",
							"value": "{{iamtoken}}",
							"type": "string"
						}
					]
				},
				"method": "PUT",
				"header": [
					{
						"key": "Content-Type",
						"value": "image/jpeg"
					}
				],
				"body": {
					"mode": "file",
					"file": {}
				},
				"url": {
					"raw": "https://{{endpoint-region}}.objectstorage.softlayer.net/{{bucket}}/testimage.jpg",
					"protocol": "https",
					"host": [
						"{{endpoint-region}}",
						"objectstorage",
						"softlayer",
						"net"
					],
					"path": [
						"{{bucket}}",
						"testimage.jpg"
					]
				},
				"description": "Create a new binary (image) file in the bucket"
			},
			"response": []
		},
		{
			"name": "Retrieve list of files from bucket",
			"event": [
				{
					"listen": "test",
					"script": {
						"id": "aae11dfd-89e5-464d-a6da-44c05652ccec",
						"type": "text/javascript",
						"exec": [
							"pm.test(\"Request was successful\", function() {",
							"   pm.response.to.be.success; ",
							"});",
							"",
							"pm.test(\"Response contains expected content\", function() {",
							"    pm.expect(pm.response.text()).to.include(\"ListBucketResult\");",
							"});"
						]
					}
				}
			],
			"request": {
				"auth": {
					"type": "bearer",
					"bearer": [
						{
							"key": "token",
							"value": "{{iamtoken}}",
							"type": "string"
						}
					]
				},
				"method": "GET",
				"header": [],
				"body": {
					"mode": "raw",
					"raw": ""
				},
				"url": {
					"raw": "https://{{endpoint-region}}.objectstorage.softlayer.net/{{bucket}}",
					"protocol": "https",
					"host": [
						"{{endpoint-region}}",
						"objectstorage",
						"softlayer",
						"net"
					],
					"path": [
						"{{bucket}}"
					]
				},
				"description": "Retrieve the list of files available in the bucket"
			},
			"response": []
		},
		{
			"name": "Retrieve text file",
			"event": [
				{
					"listen": "test",
					"script": {
						"id": "58817cc7-7d15-45a9-b372-7712d2fd389d",
						"type": "text/javascript",
						"exec": [
							"pm.test(\"Request was successful\", function() {",
							"   pm.response.to.be.success; ",
							"});",
							"",
							"pm.test(\"Response contains expected body content\", function() {",
							"    pm.expect(pm.response.text()).to.include(\"This is test data\");",
							"});",
							"",
							"pm.test(\"Response contains expected header\", function() {",
							"    pm.response.to.have.header(\"ETag\");",
							"});"
						]
					}
				}
			],
			"request": {
				"auth": {
					"type": "bearer",
					"bearer": [
						{
							"key": "token",
							"value": "{{iamtoken}}",
							"type": "string"
						}
					]
				},
				"method": "GET",
				"header": [],
				"body": {
					"mode": "raw",
					"raw": ""
				},
				"url": {
					"raw": "https://{{endpoint-region}}.objectstorage.softlayer.net/{{bucket}}/testfile.txt",
					"protocol": "https",
					"host": [
						"{{endpoint-region}}",
						"objectstorage",
						"softlayer",
						"net"
					],
					"path": [
						"{{bucket}}",
						"testfile.txt"
					]
				},
				"description": "Retrieving a file from bucket"
			},
			"response": []
		},
		{
			"name": "Retrieve binary file",
			"event": [
				{
					"listen": "test",
					"script": {
						"id": "db6fa324-080a-43bc-a301-32e70d9bbd65",
						"type": "text/javascript",
						"exec": [
							"pm.test(\"Request was successful\", function() {",
							"   pm.response.to.be.success; ",
							"});",
							"",
							"pm.test(\"Response contains expected header\", function() {",
							"    pm.response.to.have.header(\"ETag\");",
							"});"
						]
					}
				}
			],
			"request": {
				"auth": {
					"type": "bearer",
					"bearer": [
						{
							"key": "token",
							"value": "{{iamtoken}}",
							"type": "string"
						}
					]
				},
				"method": "GET",
				"header": [],
				"body": {
					"mode": "raw",
					"raw": ""
				},
				"url": {
					"raw": "https://{{endpoint-region}}.objectstorage.softlayer.net/{{bucket}}/testimage.jpg",
					"protocol": "https",
					"host": [
						"{{endpoint-region}}",
						"objectstorage",
						"softlayer",
						"net"
					],
					"path": [
						"{{bucket}}",
						"testimage.jpg"
					]
				},
				"description": "Retrieve a binary file from the bucket"
			},
			"response": []
		}
	],
	"event": [
		{
			"listen": "prerequest",
			"script": {
				"id": "08caf505-3991-4273-8027-db00d867680f",
				"type": "text/javascript",
				"exec": [
					""
				]
			}
		},
		{
			"listen": "test",
			"script": {
				"id": "6e61fa13-e3b9-42f0-8c38-9d3468748922",
				"type": "text/javascript",
				"exec": [
					""
				]
			}
		}
	],
	"variable": [
		{
			"id": "86785ec3-c349-4bd4-b896-86ab92bdcab6",
			"key": "bucket",
			"value": "<bucket>",
			"type": "string",
			"description": ""
		},
		{
			"id": "00dfcf2b-7c77-4e27-862d-70aeeeba8751",
			"key": "serviceid",
			"value": "<service_id>",
			"type": "string",
			"description": ""
		},
		{
			"id": "5fd25ca2-06a3-429f-858e-d95c4c6b8171",
			"key": "iamtoken",
			"value": "<iam_token>",
			"type": "string",
			"description": ""
		},
		{
			"id": "d525dd23-f5c4-429a-81cb-4bbc6efcda2f",
			"key": "endpoint-region",
			"value": "<endpoint>",
			"type": "string",
			"description": ""
		}
	]
}